name,bytes,sha256,source_drive_id,verification
build_dpr.py.xz,47328,fc878a00e799c339426fc62d5d9b8911b85dfd2896ff16da59523de9fbd9860a,1tfbHj-B5xMeSBiB8YD2Gt6iwd6XJ-tnE+1e64QifBXjsrjhx5gEjS78Fky72f_trkz+1nlUd2Q63As6eUWcxBbNBBbcs2RgUimXh,parts size OK; sha16 OK; xz -t OK
build_dpr.py,162731,d03f13cdbb5d74674d9116dd8bddbc6e302c46a8688d8a7f190b40b41722c93e,(decompressed from build_dpr.py.xz),decompressed OK
SKILL_v3_5_完整規格_權威自足版_v572.md.xz,55460,85c1e9d9798656c59a9d270ba81c58e82bce1282c6b7c2133b8cb74fa1f7c498,1yVVqIPVaY5C2cPLBdSNYDoSsVsZcdPpo+1Mf4QW9ncXMflhlhWzVcHeedKccX27js9+1h_v6XPHDmhg3ShQkRyvWh8ntY6jnMXbh+1fC696IGtz4NA2JWP7WfuTqmQkqqtcZbx,parts size OK; sha16 OK; xz -t OK
SKILL_v3_5_完整規格_權威自足版_v572.md,156302,997bd46d8cd043f26c7e6160b8b58c3394189f7efbf844e5754951a04e70a16e,(decompressed from SKILL_v3_5_完整規格_權威自足版_v572.md.xz),decompressed OK
回填原因處置字典_v85_columnar.json.xz,102500,dba3c8724416a4877a0d4a247c4c2ccf984e55caacb24c74830fad55014cd377,1ZU4gYccslruf0tRXDuIZ41aLdI8nvvue+1vEEuJvEYPIFADPhNZmMvrfeMs0v4xdla+1NvEEBQS39FJV4m2ehJvwarXPv5wbLz0U+1XaIczRBH4RWQQLXyzXF_nCFpwt7ed0J9+1PX3doDDlgQ1hQJpGGyZTdkSNjb95l4_l+12R-uNLUIZFkzZpEjPOz3V-mmAUcIYY4e+1MJMmkMoVLJQ99ns0Dt7zjV0x-3aQGTNf,parts size OK; sha16 OK; xz -t OK
回填原因處置字典_v85_columnar.json,2054929,49de90e1429258392e0cecdf578d58db23ef8a26b5c74def43003fc191321390,(decompressed from 回填原因處置字典_v85_columnar.json.xz),decompressed OK
ntns_dict_v505.json.xz,16440,f896cfe3394ec389d6f62044bc0660948c56ae09bef0f5c59d4b13deaf0ace39,1mriDtpBDPzf5prYbLMzf8XyKdOBXbDZu,parts size OK; sha16 OK; xz -t OK
ntns_dict_v505.json,76526,f969deecddb780f202a379a35382d7936cb5525496cba3f75a3e27ae7f6833b1,(decompressed from ntns_dict_v505.json.xz),decompressed OK
data/brand_code_overrides_v1_1.json,9927,0dd90b4c9097d8531b1cf3f00f282b5061aea871cd9f8fae1408c674f1907ea8,1pw-V5yIKyW3-XMxXTX6m8hqJDg6AKJed,size OK
builder/xlrd_shim.py,3538,bf52e11ab71a1cac930024075b2bb05f4207372cf7bf25196cab0a94bb44bd65,1__PTbvcb4xaycAkrdSOCVJ1LYm_kgxaM,size OK
builder/ntns_db_fill.py,6899,a11bdf96d0ccebf08585a697a59268fc25e57a92e23334a9cba5ea40101b1ea9,1d38xoP0IhdDwiAS6DXP_O9lBz9vxGcuq,size OK
spec/README_還原說明_08_PACK重複檔與字典冷備.md,2636,8ad01ce885205bdfe56f3f8b6acd38d09ab12b4ccc91c21a6b85c15c94952ed0,1w9b8Fyi9REr_4ZC8cKVkEJ4O5LC3_c11,size OK
rollback/dpr_rollback_v652_to_v651.py,11699,a70926af87ac52d8328998fbcf2a522b8421b43e48b37eeb122804270a4095a2,1Ee2ItCqT-PuVDwqDa-so2P8Mb1ooL9FH,size OK
rollback/dpr_rollback_v651_to_v650.py,2208,8fad9db2f4d1e5a12adcb858fbf5920b9f95ba51a8a91a4b193370b62a70be4c,1nkX3a3cGiP_cTP-UV9FJ4J5FAd99Cq05,size OK
rollback/dpr_rollback_v650_to_v649.py,8762,607aefe8bdbc8ba4295714d4e54147a7e29f00054ca0930cdb85a4211a4318f1,19aFWUctryXLX0QDjLam11lC9wbXsGygq,size OK
rollback/dpr_rollback_v649_to_v648.py,5043,ca92d705baba6f0f243540381e899de63e8c16a915bcda616acefc2a9d303407,1ulafmC5i66Ct7RxU8dccBz-p_03qzfS_,size OK
rollback/dpr_rollback_v648_to_v647.py,4465,1e143d3666299d420d5c5d1b5e540a051d47f83952212ac31d4750734ad685e8,1E-QAKbCMSBwcXf_5YIp7tqWeyFrpuzyf,size OK
rollback/dpr_rollback_v647_to_v646.py,3295,186936471dc1a99d788f6ac9ffabe6c5adf21596a938a273234301535e72b475,1rpYSUiJFArNUyyEKlXJV-9jNOoF64X8x,size OK
rollback/dpr_rollback_v646_to_v645.py,3172,88ba4cdb1d30fe77f8e3db0cf7b72158369ad3cb9e1924af2cb02e2310f9845f,1snIUfMJlxD-tt7EkJlDr9E9FoLtsf6RS,size OK
rollback/dpr_rollback_v645_to_v644.py,2648,a284ebbda47c6e3711051b4511bf9e0ba836dc0bb0e1651c23c56d768fcf4b8a,1tVW80QH1P_N6OELkFGUZVQFF0hhReyxk,size OK
rollback/dpr_rollback_v644_to_v643.py,2946,381f75cd89fad72ad672087127576d914f799298d2d5952d756bba41e7497ee9,1vh8RN_L20TkCicIUW54yxXMD6p8eMmgp,size OK
rollback/dpr_rollback_v643_to_v642.py,2371,1e8be2189e6e6959a4ed72cecfd68878468e161b0e28765b1ff32c6dbc426151,1V1z7nxGxsr3rlw7Ie_URS3x7G0pXfDCO,size OK
rollback/dpr_rollback_v642_to_v641.py,3985,32b8e60e8de8453667bf5a07d2771d7f1e36671a0f4627ee113d316b5cecfd0a,17Fsk6JC7KKqA_JjTFBLSLDlPZyexbvsP,size OK
rollback/dpr_rollback_v641_to_v640.py,2620,da3ff102da5c6cfc252b63b7aa1867638db7f72fbaed19c58200745bf62b4f90,1pgSc1KzJrie7v7MkBtJw1p_H6AK6Rx-h,size OK
rollback/dpr_rollback_v640_to_v639.py,3122,22f85d8ec96f21301ba34e441b94a74f3d2d061922ccfb03bb8a7396e54197d8,1gsDrvQGy-yzIDc5aM1khSMLU1l2GDFVV,size OK
rollback/dpr_rollback_v639_to_v638.py,2924,d833f715ee38ea23526ec2d6c73d7b83e6e4b388e1265c8062f9f0e1739d06b6,1uS_BM0nunt3MxdolcGunMSHm7TzTdXTO,size OK
rollback/dpr_rollback_v638_to_v637.py,3825,fc3ec6bc3b267a3e9b5515ad44c1710442ae91afcf0067a2f2cbd92328dcd8de,1AToi9v6mmaHcfGx4a6OZESpTIdcEokwc,size OK
rollback/dpr_rollback_v637_to_v636.py,2694,9f90e9f6681638d51a044177b360b82b776c4252c0472e22d6f2940718f1714d,1W23QNNWGr8NUkDOjmhX9cGeBg3nIj_B5,size OK
rollback/dpr_rollback_v636_to_v635.py,6167,351979a33ddcb90e77ebee3c22843c3c81eb459ad5ac9e50c56553722d39afe8,12nAXKews6ieKi5eYQjmgkaXq2t2C_78u,size OK
rollback/dpr_rollback_v635_to_v634.py,6676,e772445ad553a2cbb3a5e4ec5e32bf0b6e4e1cf70df942aa5118f2edb26ce634,1JjAWvH_Z0dhZ6EoywaonH_brvascAYT6,size OK
rollback/dpr_rollback_v634_to_v633.py,5332,ff11ee386274ce9fc760917a12aacff06386fe4da0a64e6d440fdc407e438b9d,1FcIb9JXUzpFRWyj_PFYEcFJQPz2w8yqG,size OK
rollback/dpr_rollback_v633_to_v632.py,4552,dbffe2bb40c98660a52d6457b143a6cd812bb0a4ca2465092c8e737f65796bfc,1NGdkbz7fzaxwYp-_l3xTlzxJxXzN-uBe,size OK
rollback/dpr_rollback_v632_to_v631.py,8792,1f9a245c8a0d693ad22472a5de3e1fbca0438ef1c8221786542fe3217ffd1852,1wGLlqbwOyV99yDqhu6wHc7mES5hchLQh,size OK
rollback/dpr_rollback_v624_to_v623.py,11299,9c6ffe491a1ea9cfb41e65ab0fb16a07a626fbd1b5b62337997521d5fe300e23,1ab-0-RHlftfoujZJSyWa1hSv3MRnReoA,size OK
rollback/dpr_rollback_v623_to_v622.py,2865,9d4e96f0ec908f0ae6282d4dd686b5117e1ad7ce1c5144f2bf0a4f7a1347b5c2,13UEvv8SRtGfn2isq4Yk-vVJ3yVcFd41V,size OK
rollback/dpr_rollback_v622_to_v621.py,5300,4d5a324d2184fa3a0c9ec1f25d7a4ab3ea46eafde4faf8f06c6a53ccd2360546,1gpKAqUfMsjWj8_xsLq21g_sYiB2zoWz0,size OK
rollback/dpr_suite_版本沿革_v575-v618_移出.md,31234,c3efd21198190d9de4c84375005b5c75b2c815b69eff584605acd11701acb9c2,11ZBIjzribYVIiM-YHteCn8eppQHgu1e4,size OK
rollback/dpr_suite_rebuild_v620.py,2061,e025dba0078477b2be32e3958de8c62eea4530e025a7b6abcbfc3e90d9a0d661,1Qj439e8_YIgNcklp4VJAHO7aLc7qqnbB,size OK
spec/T組_DPR工作流程與問題排查手冊_0706_v501.md,24051,37bbf876420fa31f4715f4438a5f7ce90207913fec87aaa070b2845c1e5a395d,1r-YOFOLwqOM-NFeBOv3OIW23GjzpnQKy,size OK
spec/DPR_排查與邊界補遺_自0706手冊萃取.md,18416,b7f8610ac6ae4f13f7feb274977039f841d25b74ab871cf3d0cccaf0038635e4,1cPuYVbjPO6PnsLUQPLLxu6i7vbINAgYo,size OK
spec/SKILL_v3_5_完整規格_權威版_v503_增補.md,6761,e640488e888748f4147835e29acfeab82d45bc32c577ea8c5dfe5a6698a79072,10RoG-7mIac7KgABsB2XpYFgC3FavKaz4x5FdGDkGcJc,Google Doc export (no Drive fileSize to compare)
spec/dpr_hash_registry_0914.json,1560,692f27f88bc9eb037a4da7223543358649b85ac57c35507a3bf21444ce4de527,1D8A99vqjukYkkSh_Ouknx1aiYJj2a4TB,size OK
